chromosome	base_pair_location	effect_allele	other_allele	beta	standard_error	p_value
12	113000685	C	A	-0.03103566	0.069497	0.655177
12	113002935	T	G	0.1581228	0.143426	0.270265
12	113004491	T	C	0.05739116	0.139408	0.680588
12	113004777	T	C	-0.01725603	0.0706821	0.807122
12	113007001	T	C	-0.09134256	0.0844387	0.279358
12	113011452	T	C	0.1034858	0.134886	0.442949
12	113012901	T	G	0.07725729	0.137786	0.575009
12	113012958	T	G	0.07907917	0.137579	0.565446
12	113013526	T	C	-0.007197842	0.0707826	0.919005
12	113013907	A	T	0.1204727	0.121799	0.322611
12	113014297	G	A	-0.03813498	0.122897	0.756334
12	113014476	T	C	-0.03796774	0.122902	0.757375
12	113015509	G	C	-0.001320872	0.0708085	0.985114
12	113015852	C	G	-0.01832997	0.0708443	0.795842
12	113017059	C	A	-0.007039721	0.070689	0.92067
12	113017660	T	A	-0.007191799	0.0707065	0.918984
12	113018323	G	T	0.0265056	0.111156	0.81151
12	113022375	C	A	-0.02408882	0.0744101	0.746143
12	113022932	G	C	-0.0243429	0.0744079	0.743551
12	113024898	G	A	-0.027438	0.0744783	0.712568
12	113025119	T	C	0.03167307	0.111144	0.775678
12	113025901	G	A	-0.0262988	0.0744041	0.723744
12	113026156	A	C	-0.02269356	0.0743967	0.760342
12	113027020	T	C	0.06972194	0.12675	0.582253
12	113027486	A	G	-0.112412	0.0941973	0.232723
12	113027507	T	C	0.07274848	0.126182	0.564268
12	113028429	A	G	0.08412973	0.126055	0.504528
12	113030631	A	G	0.2553396	0.122497	0.0371191
12	113031908	T	C	0.05117779	0.126657	0.68619
12	113031957	T	C	-0.0229391	0.0438466	0.600856
12	113032772	A	G	0.01169139	0.119244	0.92191
12	113034576	C	T	-0.02296468	0.0545297	0.67365
12	113035002	T	C	-0.01034129	0.0567249	0.855339
12	113035270	T	C	-0.008592813	0.0437211	0.844191
12	113035287	T	C	-0.1276141	0.155781	0.41268
12	113035550	T	G	-0.009705951	0.0437434	0.824409
12	113036817	G	A	0.009118302	0.0436011	0.834298
12	113041658	T	G	0.07620149	0.20138	0.70514
12	113043924	G	A	-0.10642	0.131592	0.418679
12	113045400	T	C	0.0267393	0.197307	0.892209
12	113046459	G	A	0.1070591	0.190854	0.574841
12	113048554	C	G	-0.1030654	0.132491	0.436623
12	113048915	A	C	0.03924956	0.197405	0.842395
12	113049336	A	G	-0.01069398	0.0564958	0.849865
12	113049776	A	G	-0.190028	0.12275	0.1216
12	113050624	G	C	0.08538839	0.189382	0.652063
12	113051062	A	G	0.06565665	0.084916	0.439409
12	113051276	G	A	0.08452496	0.19051	0.657288
12	113053927	G	T	-0.01986093	0.0542565	0.714322
12	113054399	A	G	-0.02019761	0.0542466	0.709641
12	113055215	G	T	0.005027342	0.193633	0.979285
12	113055705	A	G	-0.01945095	0.0542618	0.719998
12	113056826	C	T	0.04999896	0.197973	0.800622
12	113057452	A	G	0.05208948	0.194583	0.788941
12	113069225	A	G	0.04861872	0.0525059	0.35448
12	113070264	A	C	0.02734276	0.146412	0.851868
12	113074557	A	C	0.0978252	0.196411	0.618438
12	113076044	A	G	0.03538645	0.0537446	0.510245
12	113078076	T	C	-0.1100962	0.15194	0.468694
12	113078938	A	G	0.173491	0.184103	0.346008
12	113082429	G	C	0.03873983	0.0536845	0.4705
12	113082679	C	T	-0.1115127	0.151909	0.462902
12	113082789	A	G	0.1367051	0.189052	0.469621
12	113086275	T	C	-0.1119936	0.151648	0.460207
12	113086315	T	C	-0.122778	0.151589	0.417975
12	113086778	C	T	0.03375387	0.053655	0.529287
12	113089941	C	T	-0.09486688	0.150809	0.529317
12	113094317	T	C	-0.02586668	0.0461261	0.57495
12	113094602	G	A	-0.108928	0.151736	0.472831
12	113098733	A	G	-0.06858831	0.131043	0.600693
12	113098930	A	G	-0.1145964	0.151682	0.449947
12	113099997	A	G	-0.1050583	0.151379	0.487676
12	113100994	A	C	-0.00576056	0.0460394	0.90042
12	113102733	T	C	-0.1007832	0.151146	0.504904
12	113104785	A	G	-0.1097713	0.151153	0.467698
12	113105030	A	G	-0.01122982	0.0464777	0.809084
12	113106134	T	C	-0.0857529	0.149551	0.566374
12	113114876	C	T	-0.04661897	0.111797	0.67668
12	113115403	G	C	-0.1511439	0.207551	0.466475
12	113118220	T	C	0.008265744	0.048291	0.864096
12	113118535	A	G	0.009276837	0.0482909	0.847617
12	113118612	T	C	-0.01862029	0.059445	0.754099
12	113118772	T	C	-0.01848785	0.0594421	0.755778
12	113119813	A	G	0.008850717	0.048287	0.854566
12	113120459	C	T	0.009286744	0.0482876	0.847441
12	113121242	C	T	-0.1047907	0.129382	0.417981
12	113122464	T	A	0.0116815	0.0482704	0.808823
12	113122958	C	T	-0.01495426	0.125477	0.905134
12	113124351	A	G	0.02080213	0.0481277	0.665572
12	113124577	T	A	0.01156289	0.0482589	0.810699
12	113125311	T	G	0.01226448	0.0481922	0.799068
12	113127404	A	G	0.01089048	0.048125	0.821028
12	113128181	C	T	-0.06741198	0.142326	0.63575
12	113128754	T	C	-0.05392729	0.0593656	0.363667
12	113128790	C	G	-0.05786855	0.0596083	0.331638
12	113128986	T	C	-0.04536145	0.0578684	0.43312
12	113129282	G	A	-0.03634039	0.0642351	0.571567
12	113129465	A	G	-0.07876835	0.141369	0.577402
12	113129584	C	T	-0.03424471	0.0576287	0.552357
12	113135017	A	G	-0.06175201	0.0624528	0.322773
12	113135987	A	G	0.002207562	0.0530197	0.966771
12	113136631	C	A	0.002177627	0.0529916	0.967294
12	113136996	C	G	0.003782836	0.0529877	0.943114
12	113137384	T	C	0.001838309	0.0529934	0.972359
12	113137531	A	G	-0.02845812	0.0447342	0.524665
12	113137832	T	G	-0.06223717	0.062415	0.318688
12	113140041	T	C	0.00048988	0.0528371	0.992584
12	113140160	A	G	0.00838475	0.0527419	0.873667
12	113140328	C	T	-0.0307376	0.0447487	0.492153
12	113140501	G	A	0.002576678	0.0528721	0.961123
12	113141857	C	T	-0.0007202593	0.0529286	0.989137
12	113141900	C	T	0.02745951	0.0554689	0.620617
12	113142171	G	A	-0.05571886	0.062325	0.371321
12	113142365	T	G	0.02725518	0.0554552	0.623112
12	113143450	T	C	-0.02945044	0.04477	0.510657
12	113143565	C	T	-0.002238504	0.0529513	0.966283
12	113144190	T	C	-0.001765558	0.0529563	0.973398
12	113144946	G	T	-5.000013e-06	0.0529476	0.99992
12	113145471	C	A	-0.149035	0.139219	0.28439
12	113147583	A	G	-0.1709105	0.140274	0.223071
12	113148305	T	G	0.006419352	0.0530549	0.903704
12	113148306	T	C	0.006369671	0.0530562	0.904382
12	113149273	A	G	-0.08123283	0.0646962	0.209261
12	113150982	T	A	-0.02955549	0.0447793	0.509239
12	113151312	T	G	-0.03036437	0.0447193	0.497144
12	113151824	C	A	-0.03066851	0.0447574	0.493207
12	113152097	G	A	-0.02301891	0.0447085	0.606645
12	113152206	T	C	-0.03064067	0.0447607	0.493631
12	113152587	G	A	-0.03057983	0.0447605	0.494486
12	113153440	T	C	0.1980883	0.198385	0.318038
12	113153669	G	A	0.005534655	0.0571485	0.922874
12	113155240	T	C	0.01770238	0.0621369	0.775727
12	113156301	C	T	-0.02562247	0.138428	0.853154
12	113156423	A	G	0.04132427	0.060683	0.495925
12	113156900	A	G	0.001798382	0.0570618	0.974871
12	113156901	C	T	0.0001599872	0.0570428	0.997828
12	113157771	C	T	-0.0605635	0.0622553	0.330637
12	113158038	A	G	-0.06074307	0.062338	0.329849
12	113158296	C	T	-0.1994978	0.137837	0.147801
12	113158838	A	G	-0.05467374	0.0623617	0.380635
12	113158851	T	C	-0.1957862	0.140247	0.162713
12	113159744	T	G	0.158541	0.0972752	0.103134
12	113159848	T	A	-0.08447133	0.0585518	0.14911
12	113160216	A	G	-0.08741691	0.0584754	0.134933
12	113161828	T	C	-0.1363262	0.143197	0.341088
12	113161955	T	C	-0.05565543	0.0622901	0.371594
12	113162368	A	G	-0.1249183	0.143208	0.383051
12	113162926	T	C	-0.0595876	0.0623612	0.339315
12	113165796	T	G	-0.063319	0.0623389	0.309762
12	113165852	C	G	0.01582414	0.0457263	0.729263
12	113166157	C	G	-0.06659183	0.0620852	0.283453
12	113166520	C	T	0.0246731	0.0460754	0.592238
12	113166569	A	G	0.0219376	0.0460414	0.633771
12	113168366	A	G	0.19949	0.200324	0.319325
12	113168368	A	G	-0.01405633	0.0428204	0.742704
12	113168574	G	A	0.0002799608	0.0462906	0.995256
12	113168961	C	A	-0.012676	0.04281	0.767159
12	113169770	C	T	-0.01611922	0.0428055	0.706486
12	113170167	A	G	0.00809713	0.0615237	0.895274
12	113172242	C	T	0.0147014	0.0427827	0.731122
12	113172459	G	C	0.01451416	0.042767	0.734299
12	113173009	A	G	-0.001381954	0.0616787	0.982124
12	113173494	A	G	0.01477038	0.0427683	0.729748
12	113173562	T	C	-0.0004761133	0.0617836	0.993847
12	113175043	A	G	-0.007798328	0.0617649	0.899534
12	113176166	A	T	-0.0139681	0.042791	0.744104
12	113176478	G	A	0.1688056	0.202905	0.40543
12	113176501	C	T	-0.0143028	0.0427976	0.738235
12	113177039	T	A	-0.07744168	0.0644968	0.229864
12	113177251	A	C	-0.002033065	0.0617607	0.973738
12	113178978	A	C	0.02932577	0.0458608	0.522573
12	113179738	C	G	-0.07610705	0.0644829	0.237893
12	113180322	T	C	0.02785833	0.0458632	0.543638
12	113180334	G	C	0.1368272	0.202474	0.499174
12	113181393	T	C	-0.01242892	0.0622993	0.84187
12	113181485	G	T	-0.07496064	0.0644694	0.244936
12	113182298	G	A	0.00225745	0.0459092	0.960731
12	113182339	A	G	-0.01312171	0.062268	0.833101
12	113182535	A	G	-0.01514714	0.0622979	0.807901
12	113183359	A	G	-0.0131207	0.0623085	0.833218
12	113183486	T	C	0.0191946	0.0463273	0.678651
12	113183731	A	G	-0.01840636	0.0623771	0.767931
12	113184291	T	C	-0.02028434	0.0623481	0.744919
12	113185462	C	T	-0.008962039	0.0428863	0.834473
12	113186736	A	G	-0.06106403	0.0635942	0.336944
12	113188711	C	T	-0.06012906	0.0635555	0.344102
12	113191137	C	G	-0.05977973	0.0644176	0.353408
12	113191936	C	T	-0.0607877	0.0644533	0.345615
12	113193403	A	C	0.1225981	0.200643	0.541187
12	113193645	G	A	0.07341773	0.111578	0.510539
12	113193886	C	T	0.1308265	0.200773	0.51464
12	113194364	C	A	0.1308089	0.200961	0.515104
12	113194729	T	C	-0.05740456	0.0643644	0.37246
12	113195065	G	A	0.1293778	0.200958	0.519699
12	113195202	G	A	0.1298609	0.201018	0.518259
12	113196112	G	A	0.1508395	0.198797	0.447987
12	113197315	C	T	-0.0623585	0.0643082	0.332203
12	113197328	A	G	0.1652347	0.199089	0.406576
12	113197615	T	C	0.1620593	0.199233	0.415987
12	113197800	A	C	-0.05949738	0.0644202	0.355707
12	113197806	C	T	0.1638775	0.198949	0.4101
12	113198828	G	T	0.1660397	0.199026	0.404135
12	113199343	G	A	0.1640812	0.198933	0.409476
12	113200384	C	A	0.1652941	0.199071	0.406364
12	113200725	A	G	0.1657517	0.199087	0.405106
12	113200916	C	T	0.05770271	0.112836	0.609095
12	113201040	C	T	0.1998258	0.19889	0.315033
12	113201501	G	A	-0.064418	0.0643002	0.316426
12	113201740	C	G	0.1655399	0.199016	0.40553
12	113202479	C	T	0.2059323	0.198155	0.298689
12	113202871	C	G	-0.05670899	0.0638105	0.37416
12	113203340	G	A	-0.05250561	0.0636594	0.409492
12	113203647	T	C	0.1468239	0.198536	0.45958
12	113211165	C	G	0.1177741	0.198743	0.553445
12	113211526	T	G	0.1309142	0.198822	0.510241
12	113212746	G	T	0.1199584	0.0996438	0.228654
12	113213828	A	C	0.07639607	0.0940764	0.416755
12	113214148	T	A	0.03937455	0.127665	0.757783
12	113214547	G	T	0.05413775	0.107977	0.616089
12	113214788	G	A	0.05006554	0.0545621	0.358794
12	113215255	C	T	0.05354077	0.0517151	0.300488
12	113215452	A	C	0.00167859	0.0520841	0.974307
12	113215847	A	G	0.0371609	0.126079	0.768182
12	113216693	G	A	0.04279125	0.0563608	0.447712
12	113217031	C	T	0.05308569	0.0507269	0.295287
12	113217698	C	A	0.04004729	0.127558	0.753559
12	113217818	A	G	0.04649229	0.127434	0.715234
12	113217972	T	C	0.08346761	0.200446	0.677119
12	113218297	T	C	0.04790406	0.127338	0.70677
12	113218958	C	T	0.06103865	0.0507114	0.228732
12	113219514	A	G	0.03505822	0.126432	0.781548
12	113219606	T	C	0.287897	0.189144	0.12798
12	113219772	A	T	0.03229293	0.125829	0.797474
12	113219793	A	G	0.03524165	0.126398	0.780413
12	113220266	G	A	0.07643312	0.0931016	0.411684
12	113222489	G	A	0.036303	0.127516	0.775906
12	113222700	G	T	0.05184264	0.0705391	0.46237
12	113222704	T	C	0.03934571	0.128216	0.758916
12	113222798	T	C	0.03922071	0.128221	0.759717
12	113223015	A	G	0.03852817	0.128262	0.763904
12	113223402	C	T	0.02726491	0.1275	0.830687
12	113223477	T	C	0.1142122	0.197634	0.563346
12	113223503	A	C	0.052061	0.108381	0.630971
12	113223660	A	G	0.03668866	0.127662	0.773816
12	113223664	T	C	0.03668866	0.127663	0.773794
12	113223989	A	G	0.03684289	0.127494	0.772627
12	113224261	A	G	0.03968215	0.128306	0.757139
12	113225207	T	C	0.1148097	0.122457	0.348462
12	113225825	C	G	-0.05831685	0.107281	0.586719
12	113226296	C	T	-0.05764818	0.107259	0.590945
12	113226540	C	T	-0.06100025	0.106801	0.567894
12	113226993	A	G	-0.05404233	0.106865	0.613065
12	113228994	G	A	-0.06496955	0.106351	0.541266
12	113230778	A	G	0.1709572	0.198427	0.388925
12	113231423	C	T	-0.0540645	0.106661	0.612241
12	113231912	G	A	-0.05367086	0.106481	0.614237
12	113232252	G	A	0.06940479	0.0932379	0.456667
12	113232709	T	C	0.1726668	0.197855	0.382829
12	113232964	C	T	0.1689408	0.198192	0.393984
12	113233401	T	G	0.05768383	0.0941723	0.540197
12	113233675	G	A	-0.0210306	0.105116	0.841423
12	113233688	G	C	-0.04181937	0.10681	0.695406
12	113235322	G	A	-0.06006534	0.170113	0.724022
12	113236886	T	C	0.04188063	0.198322	0.832749
12	113238393	A	G	0.07610883	0.196013	0.697789
12	113244144	G	A	0.07515385	0.19638	0.701936
12	113255442	A	C	0.09865005	0.123716	0.425207
12	113257190	A	G	0.08860594	0.195148	0.649783
12	113257620	A	C	0.1062681	0.193342	0.582573
12	113259208	G	A	0.0180069	0.0860447	0.834278
12	113259792	A	C	0.1745162	0.192201	0.363881
12	113263553	C	A	-0.01371867	0.0441151	0.755815
12	113266855	C	T	0.05939092	0.125056	0.634847
12	113268600	C	T	0.2100583	0.0813283	0.00979985
12	113269412	G	A	-0.03241989	0.0439962	0.461201
12	113269597	C	T	0.2881295	0.100478	0.00413644
12	113269736	G	A	-0.06858831	0.0455892	0.132459
12	113269846	T	C	-0.07096016	0.0456721	0.120257
12	113270017	A	G	-0.06873076	0.0456462	0.13214
12	113270611	G	A	-0.06445746	0.0456293	0.157762
12	113270816	A	G	-0.06617613	0.045613	0.146828
12	113271093	A	C	-0.06686549	0.0456178	0.142709
12	113271171	C	G	-0.018221	0.0443434	0.681149
12	113271885	C	T	0.03381188	0.103941	0.744987
12	113272537	A	G	-0.06234786	0.045566	0.171216
12	113273050	T	C	-0.04199977	0.04534	0.354269
12	113273161	G	A	0.2937586	0.105386	0.00531291
12	113273490	G	A	0.233284	0.102654	0.0230559
12	113273531	T	C	-0.01764985	0.0494449	0.721114
12	113278320	A	G	0.2924084	0.105291	0.00548402
12	113280018	C	T	0.2906751	0.104912	0.00559432
12	113280462	A	G	0.2931471	0.105023	0.00525014
12	113281305	G	A	0.01738795	0.0433197	0.688064
12	113281488	G	A	0.01753535	0.0433192	0.685584
12	113281621	G	A	0.01764344	0.0433178	0.683857
12	113282140	T	C	0.01557803	0.0433174	0.719164
12	113285073	A	G	0.0169751	0.0433424	0.695272
12	113285331	T	C	-0.03555982	0.0444991	0.424227
12	113286112	G	A	0.2623258	0.099512	0.00838612
12	113288645	T	C	0.157431	0.128053	0.218912
12	113288792	G	A	0.2525392	0.0993343	0.0110113
12	113294169	A	G	-0.03318147	0.182787	0.855951
12	113297335	T	C	0.3857861	0.126197	0.00223529
12	113297695	A	C	-0.1319966	0.0892167	0.139006
12	113302754	A	G	0.0330672	0.125566	0.792264
12	113303694	A	G	0.190298	0.127191	0.134605
12	113303725	A	G	0.392623	0.125845	0.00180904
12	113304801	T	C	0.3901823	0.125805	0.00192561
12	113311268	G	A	0.06362248	0.130038	0.624654
12	113311672	A	G	-0.01191267	0.0439598	0.786396
12	113316372	A	G	0.038634	0.102095	0.705103
12	113317826	A	G	-0.04429468	0.108093	0.681967
12	113318558	T	C	0.3706597	0.129322	0.00415447
12	113319041	T	C	0.02822782	0.0431912	0.513399
12	113319142	T	C	0.001189293	0.0434285	0.978095
12	113319471	A	G	-0.002967398	0.0434187	0.945515
12	113319600	T	C	-0.002800919	0.0434133	0.948562
12	113319778	A	G	-0.002049098	0.0434025	0.962349
12	113319947	T	C	-0.002374818	0.0434003	0.956358
12	113320888	G	C	0.004897985	0.0433025	0.909895
12	113335681	A	G	-0.04310794	0.0950952	0.650324
12	113335687	A	G	-0.03947082	0.0919299	0.667659
12	113336042	A	G	0.1424973	0.136103	0.295111
12	113337485	A	G	-0.04282922	0.158671	0.787217
12	113339227	C	T	0.2077375	0.136719	0.128654
12	113341114	A	G	0.2433304	0.132868	0.0670411
12	113341919	G	A	-0.07590636	0.0508462	0.135474
12	113346127	A	C	0.2956874	0.126765	0.0196702
12	113349099	A	G	0.1499017	0.0833692	0.0721757
12	113350796	G	T	-0.2102767	0.0461802	5.27842e-06
12	113352159	T	C	-0.2215523	0.0462147	1.63515e-06
12	113352809	T	C	-0.2359489	0.225188	0.294736
12	113357193	G	A	-0.2281498	0.0460801	7.37785e-07
12	113357209	G	A	-0.2569822	0.0462203	2.69863e-08
12	113357442	G	A	-0.2570559	0.0462403	2.71149e-08
12	113358106	A	G	-0.2223601	0.0462273	1.50815e-06
12	113358791	T	C	-0.2216634	0.0461518	1.56362e-06
12	113358794	C	T	-0.2198041	0.0461418	1.90095e-06
12	113358882	A	G	-0.2411446	0.225252	0.284369
12	113359132	A	G	-0.2192374	0.0461869	2.06725e-06
12	113359157	T	C	-0.2215948	0.0461449	1.56962e-06
12	113359188	A	G	-0.2208262	0.0461964	1.75143e-06
12	113359318	G	A	-0.2212266	0.046164	1.64972e-06
12	113359577	C	T	-0.219423	0.046142	1.98073e-06
12	113359703	C	G	-0.220714	0.0461682	1.74721e-06
12	113360025	A	G	-0.2199885	0.0461481	1.86979e-06
12	113360302	A	G	-0.2222252	0.046229	1.53177e-06
12	113360468	C	T	-0.2216022	0.0461559	1.57751e-06
12	113360563	T	C	-0.2216309	0.0461566	1.57317e-06
12	113360575	T	C	-0.2216022	0.0461562	1.57767e-06
12	113360737	G	T	-0.2212503	0.0461548	1.6378e-06
12	113360786	T	C	-0.2217882	0.04616	1.54919e-06
12	113361117	C	T	-0.2258898	0.0461035	9.60255e-07
12	113361158	C	T	-0.2222415	0.0461681	1.48126e-06
12	113361174	T	C	-0.2223501	0.0461692	1.4647e-06
12	113361237	C	T	-0.2081601	0.045824	5.55675e-06
12	113361443	G	A	-0.2065126	0.0458278	6.59781e-06
12	113361574	G	T	-0.2080444	0.0458258	5.62847e-06
12	113362058	G	C	-0.2213801	0.0455303	1.16057e-06
12	113362407	A	G	-0.2213614	0.0455302	1.16283e-06
12	113362421	G	A	-0.221455	0.0455299	1.15067e-06
12	113362751	C	G	-0.2212316	0.0455297	1.17953e-06
12	113362974	A	G	-0.2214475	0.0455301	1.15175e-06
12	113362997	T	G	-0.2524321	0.0455857	3.0677e-08
12	113363077	T	G	-0.2214088	0.0455296	1.15646e-06
12	113363109	T	C	-0.2214175	0.0455298	1.15546e-06
12	113363178	G	A	-0.2213576	0.0455291	1.16266e-06
12	113363284	A	G	-0.2213876	0.04553	1.15938e-06
12	113363408	A	G	-0.221435	0.0455302	1.15346e-06
12	113363550	C	T	-0.2257357	0.0454805	6.92848e-07
12	113363692	G	C	-0.2219767	0.0455354	1.08911e-06
12	113363922	A	C	-0.2218943	0.0455345	1.09855e-06
12	113363972	G	A	-0.2218831	0.0455344	1.09985e-06
12	113364126	C	T	0.08785519	0.10725	0.412696
12	113364332	A	G	-0.2218881	0.0455351	1.09975e-06
12	113364471	A	G	-0.2218856	0.0455364	1.10081e-06
12	113364504	A	G	-0.2218644	0.0455349	1.10252e-06
12	113364512	T	C	-0.2218681	0.0455349	1.10197e-06
12	113364633	G	A	-0.2218856	0.0455348	1.09979e-06
12	113364780	T	C	-0.2218494	0.0455346	1.10415e-06
12	113365065	A	G	-0.221928	0.0455367	1.0958e-06
12	113365148	A	G	-0.2231423	0.0455529	9.65561e-07
12	113365161	A	G	-0.2233936	0.0455474	9.36023e-07
12	113365201	G	T	-0.2232523	0.0455465	9.50449e-07
12	113365281	G	A	0.12576	0.180391	0.485698
12	113365453	A	T	-0.2228998	0.0455443	9.87431e-07
12	113365581	C	T	-0.2229536	0.0455449	9.81804e-07
12	113365667	T	C	-0.2228848	0.0455447	9.8921e-07
12	113365687	G	T	-0.2228986	0.0455447	9.87767e-07
12	113365803	T	C	-0.2231511	0.0455476	9.6179e-07
12	113365828	C	T	-0.2231311	0.0455473	9.63844e-07
12	113366049	G	T	-0.2229486	0.0455457	9.82792e-07
12	113366308	T	C	-0.2130571	0.196676	0.27868
12	113366691	G	A	-0.2268328	0.0454922	6.15858e-07
12	113366899	A	G	-0.2229173	0.0455446	9.85595e-07
12	113367309	C	T	-0.2227274	0.0455441	1.00647e-06
12	113367422	T	C	-0.2229661	0.0455451	9.80481e-07
12	113367595	A	G	-0.2241753	0.0455468	8.57234e-07
12	113367895	A	G	-0.2231511	0.0455442	9.60065e-07
12	113368030	G	A	-0.2234361	0.0455465	9.3109e-07
12	113368055	G	A	-0.2237512	0.0455524	9.01669e-07
12	113368079	A	G	-0.2238488	0.0455534	8.92412e-07
12	113368125	A	G	-0.2231773	0.0455432	9.56699e-07
12	113368249	C	A	-0.2230211	0.0455473	9.75779e-07
12	113368505	A	G	-0.2244694	0.0455489	8.30284e-07
12	113368605	T	C	-0.224353	0.0455491	8.41399e-07
12	113368734	A	G	0.1487475	0.0971075	0.12557
12	113369177	T	G	-0.2232648	0.0455491	9.50484e-07
12	113370427	A	C	-0.2241165	0.045507	8.44184e-07
12	113370711	T	C	-0.1474889	0.174592	0.398243
12	113370966	T	C	-0.2254086	0.0455857	7.62487e-07
12	113371523	G	C	-0.2262546	0.0455823	6.918e-07
12	113371646	A	C	-0.2267475	0.0455904	6.57294e-07
12	113371973	A	G	-0.2265794	0.0455866	6.68488e-07
12	113371977	A	G	-0.2266121	0.0455865	6.65983e-07
12	113372539	A	G	-0.226932	0.0455866	6.4229e-07
12	113372804	A	C	-0.2380427	0.0456353	1.82637e-07
12	113372866	G	C	-0.2380592	0.0456355	1.82313e-07
12	113372961	C	G	-0.2380351	0.0456358	1.82852e-07
12	113372977	G	A	-0.2380389	0.0456357	1.82752e-07
12	113373563	A	G	-0.2381062	0.0456353	1.81266e-07
12	113373588	A	G	-0.2381011	0.0456353	1.81379e-07
12	113374017	G	C	-0.2365341	0.0456406	2.18895e-07
12	113374748	C	T	-0.2366569	0.0455971	2.10103e-07
12	113375036	A	C	-0.2367292	0.045631	2.12687e-07
12	113375983	T	C	-0.2365049	0.0456338	2.18729e-07
12	113376320	C	T	-0.2299252	0.045663	4.77191e-07
12	113376388	G	A	-0.2348834	0.0456241	2.62942e-07
12	113376913	T	A	-0.2387103	0.0456894	1.74509e-07
12	113377822	G	A	-0.2343473	0.0456416	2.82872e-07
12	113378081	T	A	-0.2341565	0.045639	2.8878e-07
12	113378677	G	A	-0.2351693	0.0456333	2.55734e-07
12	113379039	C	T	-0.2369218	0.0456381	2.08829e-07
12	113379123	T	C	-0.2345306	0.0456379	2.76281e-07
12	113379390	T	C	0.1206855	0.140823	0.391457
12	113380008	G	A	-0.2578398	0.0456738	1.64941e-08
12	113380271	C	T	-0.234824	0.0456362	2.66727e-07
12	113380529	T	A	-0.2358844	0.0456395	2.36053e-07
12	113380708	A	T	-0.2353211	0.0456225	2.49592e-07
12	113381217	A	T	-0.2353578	0.0456072	2.46218e-07
12	113381376	G	A	-0.2343233	0.0456259	2.81004e-07
12	113381695	A	C	-0.2435912	0.0462053	1.34986e-07
12	113381749	T	C	-0.2446711	0.0461842	1.17253e-07
12	113381956	C	T	-0.2404232	0.0459738	1.69917e-07
12	113382977	C	T	-0.2574206	0.0464183	2.92819e-08
12	113384217	T	C	0.03413086	0.0597224	0.567615
12	113385000	A	T	-0.2378829	0.0470052	4.17516e-07
12	113385122	C	G	0.1863385	0.175993	0.289692
12	113385180	A	G	-0.2228261	0.142314	0.11741
12	113385246	C	T	-0.1898055	0.0429659	9.9805e-06
12	113385918	C	T	-0.1897668	0.0429529	9.96094e-06
12	113386245	G	T	0.1883947	0.0474613	7.20607e-05
12	113386456	T	C	0.0306068	0.0595877	0.607517
12	113386624	T	C	0.05042692	0.0481914	0.295402
12	113386779	G	C	0.05153876	0.0480085	0.283018
12	113386950	T	C	-0.243646	0.0470361	2.21901e-07
12	113387500	T	C	0.1665986	0.15294	0.276028
12	113387561	T	C	-0.08564831	0.113419	0.450157
12	113389011	T	C	0.03262207	0.0595433	0.58375
12	113389603	T	A	0.1884941	0.0474654	7.15223e-05
12	113390363	A	G	0.2671834	0.150462	0.0757752
12	113390447	A	C	-0.1351075	0.176475	0.443923
12	113390748	C	T	-0.1924446	0.042964	7.49271e-06
12	113390775	A	G	0.0300053	0.0595785	0.614576
12	113390957	A	G	0.167191	0.109053	0.125246
12	113392065	T	G	-0.1922046	0.0429663	7.69924e-06
12	113392182	A	G	-0.2423952	0.0469516	2.43482e-07
12	113392263	A	T	0.0298112	0.0595829	0.616883
12	113393284	A	T	0.1883533	0.0474728	7.26097e-05
12	113396010	T	C	-0.2422639	0.0469483	2.46636e-07
12	113397066	A	G	0.05367346	0.048037	0.263842
12	113397125	C	T	-0.1918048	0.0429836	8.10899e-06
12	113397435	G	T	-0.225128	0.141786	0.112329
12	113397630	T	C	0.1871018	0.047497	8.17588e-05
12	113397897	A	G	0.03014116	0.0595611	0.612848
12	113398139	C	A	-0.1928569	0.0429973	7.28058e-06
12	113398292	T	C	0.03156649	0.0595615	0.596181
12	113398361	C	T	0.03386988	0.0595491	0.569456
12	113398363	C	T	0.03161494	0.05956	0.595552
12	113399179	T	C	0.05484797	0.0481908	0.255071
12	113401199	A	G	0.03080075	0.0595697	0.605169
12	113401591	A	G	0.05569011	0.0545509	0.307279
12	113401766	T	C	-0.1115798	0.176792	0.527954
12	113402297	T	C	0.05574686	0.0545364	0.306676
12	113402899	C	A	-0.2375531	0.0469776	4.26519e-07
12	113403497	A	G	0.06059639	0.0479933	0.206716
12	113403675	T	C	0.414557	0.15561	0.00772035
12	113403684	T	C	0.05921186	0.0478658	0.216048
12	113403995	G	A	0.05932495	0.0478665	0.215219
12	113405152	A	G	0.005584378	0.128947	0.965469
12	113405181	A	C	-0.2365518	0.0469865	4.79176e-07
12	113406190	G	A	0.05873107	0.0545814	0.281924
12	113406196	A	G	-0.2365581	0.0469873	4.79071e-07
12	113406460	G	C	-0.2365632	0.0469879	4.78939e-07
12	113406892	C	A	0.05874992	0.0545849	0.281769
12	113406945	T	A	-0.2366785	0.0469894	4.73243e-07
12	113407192	A	G	0.05906105	0.0478789	0.217367
12	113408421	T	C	-0.2239076	0.141905	0.114596
12	113408874	G	A	0.06128323	0.0480091	0.20181
12	113408997	C	G	0.2189186	0.0519438	2.50372e-05
12	113409260	C	T	0.05822174	0.0546123	0.286376
12	113409278	T	C	0.1713617	0.175046	0.327607
12	113409413	C	T	-0.2378892	0.0470056	4.1738e-07
12	113409701	C	A	0.1710247	0.174878	0.328094
12	113409794	T	C	0.2188624	0.05194	2.51194e-05
12	113410316	G	A	-0.2381582	0.0470046	4.04788e-07
12	113410975	A	C	0.06410093	0.0479376	0.181156
12	113411654	T	C	-0.2336763	0.142232	0.100398
12	113411672	C	A	0.06471975	0.047933	0.176976
12	113411806	A	G	0.06214817	0.0427673	0.146196
12	113411856	A	C	0.1856992	0.152182	0.222382
12	113411869	T	C	0.0638758	0.0479514	0.182853
12	113411871	C	T	0.05989965	0.0546137	0.27272
12	113412555	T	C	0.06204479	0.0479466	0.195653
12	113412928	T	C	0.0631438	0.0480009	0.188344
12	113418850	G	C	-0.2294547	0.0469183	1.0057e-06
12	113419177	C	T	-0.2294018	0.0469152	1.00988e-06
12	113420604	A	G	-0.2294899	0.046943	1.01505e-06
12	113421295	A	G	-0.2295402	0.0469317	1.0035e-06
12	113421977	C	A	0.002117756	0.0516461	0.967283
12	113423971	G	A	-0.002418923	0.0516936	0.962677
12	113424003	A	G	-0.003513164	0.0516983	0.945821
12	113424475	A	G	-0.003175035	0.051722	0.951045
12	113424501	T	G	-0.2291667	0.0469018	1.0285e-06
12	113425154	C	G	-0.2291629	0.0468928	1.02415e-06
12	113425493	T	C	-0.2290195	0.0468926	1.04002e-06
12	113425679	T	C	-0.2288812	0.0468953	1.05716e-06
12	113436454	T	C	-0.04795466	0.0630726	0.447071
12	113437834	C	G	0.01123663	0.077377	0.884548
12	113437978	C	T	-0.007862831	0.0769761	0.918636
12	113438244	T	C	-0.0252973	0.0847098	0.765221
12	113438267	C	T	-0.02338429	0.0846409	0.782331
12	113445393	T	C	-0.02539679	0.0839777	0.762329
12	113447103	G	A	0.02395087	0.0794094	0.762912
12	113448288	A	G	-0.2071398	0.0454748	5.23757e-06
12	113448652	A	C	0.05044594	0.0440089	0.251728
12	113449116	G	C	-0.2047071	0.0454345	6.62008e-06
12	113449705	C	T	0.1906121	0.0498861	0.000132935
12	113450032	A	G	0.05516977	0.0433885	0.203502
12	113450187	G	T	0.05023674	0.0434729	0.247823
12	113450200	A	G	-0.2085604	0.045465	4.49052e-06
12	113450599	C	T	-0.2067229	0.0454652	5.44562e-06
12	113450898	T	C	0.0667704	0.0439044	0.128292
12	113450900	A	T	0.1888502	0.0491698	0.000122678
12	113451043	T	G	-0.01346728	0.121756	0.911928
12	113451109	A	G	0.1908269	0.0498928	0.000130944
12	113452297	A	T	-0.08647007	0.134642	0.520727
12	113452481	A	G	0.1680282	0.048834	0.000580045
12	113452759	G	T	0.1685268	0.110237	0.126329
12	113452916	A	G	0.07876497	0.155647	0.61282
12	113452942	C	T	0.07857086	0.155523	0.61342
12	113453553	T	C	0.1685015	0.0488325	0.000559321
12	113453584	T	G	0.1685099	0.0488327	0.000558949
12	113453601	A	G	-0.06579478	0.137025	0.631109
12	113453863	A	G	0.05522655	0.043657	0.205853
12	113454012	A	C	0.169059	0.0488289	0.0005358
12	113454105	C	T	0.1709067	0.0488238	0.000464468
12	113454146	G	A	0.1695487	0.0488395	0.000517507
12	113454202	A	G	0.1721702	0.0488755	0.000427399
12	113454205	G	T	0.1344435	0.165931	0.417796
12	113454212	T	G	0.171926	0.0488749	0.000435488
12	113454256	T	C	0.1716902	0.048871	0.000442716
12	113454453	T	C	0.05240268	0.043637	0.229793
12	113454743	A	G	-0.194584	0.0451916	1.66424e-05
12	113454896	G	A	0.1691772	0.0488247	0.000530168
12	113454978	T	C	0.05273475	0.0436684	0.227172
12	113455107	C	T	0.1230757	0.166103	0.458711
12	113455235	T	C	0.1693967	0.0488339	0.000522787
12	113455292	T	C	0.1300453	0.166236	0.434043
12	113455423	C	G	0.1691266	0.0488271	0.000532759
12	113455513	C	T	0.1689999	0.048823	0.000537075
12	113456558	T	C	0.1689323	0.0488502	0.000543748
12	113456925	A	G	0.1689745	0.0488218	0.000537967
12	113457394	C	T	0.05875935	0.0432498	0.174254
12	113457925	C	T	0.1692448	0.0477774	0.000396589
12	113458677	C	T	0.061744	0.0432958	0.15381
12	113459168	A	C	-0.2060947	0.0456844	6.44431e-06
12	113459291	T	C	-0.2065532	0.0456875	6.15483e-06
12	113459379	C	A	0.1692279	0.0488127	0.000526686
12	113459618	T	G	0.1703839	0.048819	0.000482956
12	113459633	G	A	0.145035	0.165507	0.380862
12	113460773	C	T	0.1419942	0.1651	0.389754
12	113460885	G	A	0.05339858	0.0436714	0.221392
12	113461248	T	C	0.1512006	0.165092	0.359754
12	113461613	A	G	0.05293395	0.0436626	0.225347
12	113462096	G	A	0.05078817	0.0437033	0.245185
12	113462659	C	T	0.1683409	0.0488832	0.00057355
12	113463315	C	T	0.149342	0.165287	0.366231
12	113464917	A	G	0.1502803	0.165343	0.363414
12	113465367	C	T	0.1488251	0.165388	0.368209
12	113465563	A	C	0.1852838	0.050931	0.000274856
12	113469008	T	C	-0.08285349	0.138489	0.549661
12	113469715	C	T	0.08499351	0.162166	0.600214
12	113470812	G	A	-0.07629374	0.137765	0.579719
12	113472343	C	A	0.4420092	0.184673	0.0166895
12	113475787	A	G	-0.09270208	0.139167	0.505334
12	113478435	A	G	0.3601609	0.1999	0.0715906
12	113482205	G	A	-0.2113249	0.0540859	9.33671e-05
12	113487245	A	G	0.05458288	0.165049	0.740867
12	113493608	A	G	-0.1658622	0.0740274	0.0250557
12	113493692	G	C	-0.199438	0.0964008	0.0385613
12	113493916	T	C	-0.1658881	0.0740096	0.0249976
12	113495001	G	C	-0.1671165	0.0740585	0.0240362
12	113495626	G	C	0.1173296	0.0473414	0.0131977
12	113495646	G	A	0.08715887	0.0473981	0.0659328
12	113495677	A	G	0.4335601	0.195049	0.0262274
12	113496313	T	C	0.07218112	0.0476082	0.129494
12	113496927	T	C	0.3413461	0.193404	0.0775736
12	113497619	A	T	0.076924	0.0476876	0.106714
12	113497945	C	T	-0.1723875	0.0736978	0.0193299
12	113498345	T	C	-0.01910331	0.0571376	0.738126
12	113499064	A	C	-0.1977914	0.0747432	0.00813834
12	113499180	C	A	-0.03463699	0.0790622	0.661318
12	113499791	A	G	-0.1814799	0.0530405	0.000622704
12	113500468	T	C	-0.2401422	0.0961788	0.0125309
12	113500849	T	C	-0.103398	0.108866	0.342231
12	113501929	A	G	-0.1820268	0.0742702	0.014251
12	113502191	A	G	-0.1811119	0.0743039	0.0147913
12	113502679	C	G	0.08864255	0.119172	0.457003
12	113503198	T	G	0.06055874	0.0967466	0.531315
12	113504359	C	G	0.09945612	0.120667	0.409803
12	113507625	G	A	0.007749892	0.0871486	0.929154
12	113507646	A	C	0.0913843	0.157003	0.560546
12	113507983	G	T	-0.1597533	0.0516147	0.00196734
12	113508064	A	G	-0.007206907	0.097088	0.940824
12	113508317	C	G	-0.1589465	0.0518002	0.00215174
12	113510817	G	C	0.0271676	0.0777477	0.726773
12	113511971	C	T	0.008830893	0.0872106	0.919342
12	113512585	C	A	0.1881959	0.0861194	0.0288677
12	113513769	C	G	0.1884776	0.0860408	0.0284856
12	113514866	G	C	-0.005842031	0.0876477	0.946858
12	113514913	C	T	-0.04350371	0.0827763	0.599197
12	113517257	G	A	0.002766171	0.0870542	0.974633
12	113519743	A	G	-0.02043947	0.0861761	0.812511
12	113519755	A	G	-0.019966	0.0862105	0.816849
12	113520476	C	T	-0.02200228	0.0860704	0.798234
12	113520595	T	A	-0.02323587	0.0859103	0.786804
12	113520879	C	T	-0.02039048	0.0857358	0.812014
12	113521077	G	T	-0.0311481	0.0857522	0.716435
12	113527371	T	A	0.03143084	0.19609	0.872645
12	113527940	C	A	0.0435766	0.192576	0.820973
12	113531970	T	C	0.03792179	0.195857	0.846469
12	113533482	A	G	0.04171759	0.196312	0.831711
12	113534385	T	C	0.04228333	0.196288	0.829452
12	113535020	G	A	0.04226415	0.196283	0.829505
12	113535755	G	A	-0.02005068	0.135265	0.882158
12	113536935	T	C	-0.1336765	0.155405	0.389689
12	113539822	A	G	-0.1068238	0.0966106	0.268851
12	113541474	G	A	0.02638873	0.19896	0.894501
12	113542608	T	C	0.02724545	0.199043	0.891139
12	113548243	C	T	0.00586278	0.0435105	0.892773
12	113548387	C	T	-0.02511988	0.0437854	0.566165
12	113549518	T	C	0.05324688	0.216802	0.805999
12	113550671	T	C	0.01063327	0.199697	0.957545
12	113553251	T	C	-0.03660797	0.136418	0.788428
12	113553667	A	G	-0.1639623	0.177271	0.355007
12	113553900	T	C	-0.1061408	0.154557	0.492245
12	113558872	T	G	-0.1793073	0.0926584	0.0529724
12	113563105	T	C	-0.04732329	0.0727664	0.515473
12	113563121	A	G	-0.04058452	0.078984	0.607371
12	113563670	T	G	-0.05114699	0.176087	0.77146
12	113564620	C	T	-0.04873657	0.0727804	0.503088
12	113565235	T	G	-0.0841308	0.166368	0.613073
12	113565417	T	C	-0.01232464	0.0832537	0.88231
12	113565933	A	G	-0.0228286	0.0833153	0.784083
12	113566481	T	C	-0.01415674	0.083177	0.864854
12	113567518	T	C	-0.01844303	0.187328	0.921571
12	113568255	G	T	-0.02069977	0.0830789	0.803242
12	113568319	G	C	-0.1079193	0.134227	0.421393
12	113568334	G	A	-0.0508334	0.0724182	0.482714
12	113568341	T	C	-0.02087845	0.0830867	0.801598
12	113568417	A	G	-0.007113239	0.169893	0.966604
12	113568797	G	A	-0.05431047	0.0769277	0.480193
12	113570044	C	T	0.003005479	0.0742524	0.967729
12	113570916	T	C	-0.01940405	0.0826622	0.814414
12	113572166	G	A	0.00050987	0.0741697	0.99448
12	113573237	G	C	-0.03738105	0.106369	0.725266
12	113573457	G	C	-0.02399253	0.0826264	0.771532
12	113573500	C	A	-0.01897795	0.0825425	0.818155
12	113574274	C	T	0.01245215	0.074194	0.866755
12	113574608	A	G	-0.02537935	0.0828056	0.75923
12	113574962	C	A	-0.0008763839	0.0743287	0.990596
12	113575788	C	A	0.06751845	0.161472	0.675842
12	113575914	T	C	-0.05663279	0.169132	0.737743
12	113576712	T	C	-0.02358086	0.0829022	0.776071
12	113577490	C	T	0.08640703	0.157705	0.583761
12	113577958	A	G	0.09581914	0.157673	0.543399
12	113578203	T	C	0.09349034	0.157788	0.553506
12	113578334	C	A	-0.006659123	0.0746719	0.928944
12	113578763	T	C	0.07767375	0.208249	0.709166
12	113579006	G	T	-0.01196834	0.0748764	0.873001
12	113579086	T	G	-0.007679411	0.0747448	0.918164
12	113579130	T	A	-0.005854102	0.0746889	0.937523
12	113579214	G	A	0.08501188	0.15825	0.59111
12	113579313	T	C	-0.04533843	0.084768	0.592749
12	113579470	C	G	0.08890791	0.157709	0.572929
12	113579479	A	G	0.08888961	0.157709	0.572996
12	113579701	G	T	0.08474548	0.158273	0.592336
12	113581661	A	G	0.08529657	0.15733	0.58773
12	113582020	T	A	0.08261171	0.157847	0.6007
12	113582171	A	T	0.09398203	0.157669	0.551121
12	113582472	T	A	-0.07421182	0.171661	0.665509
12	113583478	T	C	0.1093117	0.157308	0.487135
12	113583675	T	C	0.08988641	0.158094	0.569656
12	113583717	T	C	0.07886663	0.161848	0.626068
12	113583863	A	C	0.04865682	0.166028	0.769491
12	113583958	G	A	0.09243332	0.157572	0.557457
12	113584426	A	G	0.08997781	0.158098	0.569266
12	113585764	G	A	0.08556283	0.157366	0.586619
12	113586410	T	C	0.0860676	0.158313	0.586681
12	113586906	T	C	0.0861777	0.158312	0.586207
12	113587030	A	G	-0.02250433	0.083345	0.787151
12	113587242	T	C	-0.02105	0.0834777	0.800914
12	113587328	G	A	0.0822802	0.157341	0.601002
12	113588131	C	T	-0.0196447	0.0832811	0.813523
12	113589037	A	G	-0.07066284	0.0844256	0.402604
12	113589134	A	G	-0.07711541	0.0841865	0.35966
12	113589160	G	A	-0.07107611	0.0847375	0.401593
12	113589762	G	A	-0.08415909	0.0867963	0.332236
12	113590470	G	T	-0.08317728	0.0867287	0.337532
12	113591437	T	C	-0.08546094	0.0866128	0.323787
12	113591939	C	T	-0.08851651	0.0861598	0.304255
12	113594122	C	A	-0.08619644	0.0867189	0.320234
12	113594442	A	C	-0.08782516	0.0868365	0.31183
12	113594715	T	C	-0.09331996	0.0865756	0.281077
12	113595326	T	C	-0.08965122	0.0872267	0.304046
12	113596866	A	G	-0.08781315	0.0868348	0.311887
12	113598684	C	T	-0.09019061	0.0861805	0.295316
12	113599502	G	C	-0.09154966	0.0862754	0.288631
12	113599866	C	T	-0.09311908	0.086309	0.28063
12	113600903	G	A	-0.09354174	0.0863296	0.278567
12	113600940	T	C	-0.08928487	0.0868819	0.304112
12	113601407	C	T	-0.09283265	0.086309	0.28211
12	113602810	A	T	-0.08805774	0.0867793	0.310236
12	113602897	C	G	-0.09603744	0.0862314	0.265398
12	113604081	A	G	-0.08621497	0.0867261	0.320168
12	113604169	G	A	-0.09612992	0.0862334	0.264953
12	113604895	C	A	-0.08815931	0.086777	0.309662
12	113605151	C	T	-0.09613212	0.0862336	0.264942
12	113605171	A	G	-0.01809574	0.175153	0.917713
12	113605878	C	T	-0.01878229	0.175165	0.914608
12	113607502	C	T	-0.06314749	0.0572613	0.270114
12	113607823	A	G	-0.09600992	0.0862346	0.265554
12	113610489	G	C	-0.06719592	0.184519	0.715733
12	113611071	G	T	-0.08923239	0.0866461	0.303082
12	113612574	A	G	0.1351251	0.162187	0.404755
12	113613279	C	T	-0.09543879	0.0862305	0.268384
12	113613401	A	G	-0.0502675	0.068343	0.46202
12	113613856	T	C	-0.09358128	0.0861594	0.277418
12	113614040	C	T	-0.09574357	0.0862295	0.266856
12	113614824	C	T	-0.0955224	0.0862219	0.267918
12	113614989	G	A	-0.207536	0.187784	0.269081
12	113615237	A	T	0.05199455	0.160356	0.745751
12	113615871	C	T	-0.08867057	0.0866391	0.306098
12	113616600	A	G	-0.08616156	0.0867728	0.32073
12	113617606	T	C	-0.1293265	0.0749695	0.084517
12	113618468	C	T	-0.09514509	0.0862184	0.269792
12	113619003	A	G	-0.09618386	0.0862553	0.264805
12	113619355	C	T	-0.05422918	0.0715443	0.448463
12	113620513	T	C	-0.08763739	0.0868288	0.312824
12	113621006	A	C	-0.08645262	0.0867863	0.319176
12	113621396	T	C	-0.09116399	0.086923	0.294275
12	113621510	T	C	-0.08669797	0.0866304	0.316934
12	113622716	G	A	0.1049364	0.147297	0.476193
12	113623241	G	C	-0.09525838	0.0862176	0.269222
12	113623559	T	A	-0.09485808	0.0862065	0.271176
12	113626973	T	G	-0.08686921	0.0868061	0.316957
12	113627030	G	A	-0.08686921	0.0868061	0.316957
12	113628091	C	T	-0.09517369	0.0862141	0.269629
12	113628749	A	G	-0.0945107	0.0861931	0.272859
12	113629471	A	C	-0.08155176	0.0867009	0.346907
12	113629637	A	G	-0.08573437	0.0867247	0.322866
12	113629949	C	T	0.06680782	0.0458035	0.144662
12	113629960	G	A	-0.1524987	0.14807	0.30305
12	113631812	T	G	-0.08585859	0.0867304	0.322199
12	113632408	T	C	-0.08589019	0.0867323	0.32203
12	113633039	A	G	-0.0556364	0.0714586	0.436228
12	113633830	A	G	-0.08853727	0.0872274	0.310097
12	113635055	T	C	-0.08667071	0.0867839	0.317941
12	113635424	G	A	-0.1001132	0.0867895	0.2487
12	113636265	A	G	-0.09366254	0.0861732	0.277075
12	113636584	A	G	-0.09943809	0.0867163	0.251505
12	113636984	T	C	-0.08783499	0.0868017	0.311586
12	113637188	A	G	-0.1018711	0.0868084	0.240587
12	113637443	G	A	-0.09363179	0.086173	0.277232
12	113637506	T	G	-0.09948448	0.0867177	0.251291
12	113637584	G	A	-0.09363179	0.086173	0.277232
12	113638356	A	C	-0.07421936	0.158755	0.640138
12	113638688	G	A	-0.1014471	0.0867843	0.24242
12	113638772	T	C	-0.08753151	0.0868202	0.313359
12	113639805	C	G	-0.0972689	0.086326	0.259844
12	113640222	T	C	-0.04841848	0.0718709	0.500509
12	113640347	A	G	-0.1026509	0.0868271	0.237109
12	113640633	A	G	-0.1014559	0.0867852	0.242385
12	113640728	G	C	-0.1002215	0.0867927	0.248204
12	113640906	G	C	0.02739141	0.124046	0.825224
12	113642749	T	C	-0.09595489	0.0862591	0.265966
12	113643432	C	T	-0.09546079	0.0862565	0.26842
12	113644211	C	T	-0.1004039	0.0865783	0.246174
12	113644327	A	G	-0.08646898	0.0868139	0.319239
12	113646310	C	G	-0.09393053	0.0863859	0.276888
12	113646905	T	C	-0.09844338	0.0865132	0.255163
12	113647337	C	T	-0.07588047	0.0574167	0.186309
12	113648298	A	G	-0.1015168	0.0867883	0.242121
12	113648972	A	G	-0.09988774	0.0867863	0.249746
12	113649044	G	T	-0.09447663	0.086375	0.274047
12	113649819	G	A	-0.09386243	0.0861808	0.276093
12	113650020	A	G	-0.09910899	0.0867092	0.253036
12	113651647	C	G	-0.1030499	0.0868876	0.235618
12	113655511	A	G	0.1299751	0.149399	0.384312
12	113655528	C	G	-0.08919193	0.0869148	0.3048
12	113656440	A	G	0.1074992	0.163133	0.509929
12	113658124	G	T	-0.0715293	0.0577985	0.215879
12	113658847	A	G	-0.08935375	0.087118	0.305051
12	113659260	C	T	-0.09644372	0.0862174	0.263307
12	113659621	G	C	-0.1023905	0.0868397	0.238369
12	113659752	C	T	-0.09475693	0.0862201	0.271763
12	113660319	T	C	-0.102406	0.0868408	0.238304
12	113660993	T	C	-0.1025024	0.0868426	0.237869
12	113661883	G	A	-0.09468108	0.0862202	0.272145
12	113661898	G	A	-0.09253424	0.086151	0.28278
12	113662063	A	C	-0.102519	0.0868437	0.237803
12	113662120	A	T	-0.102519	0.0868437	0.237803
12	113662871	A	T	-0.08877766	0.0868751	0.306831
12	113663606	A	G	-0.1023462	0.0868415	0.238582
12	113664261	G	A	-0.08875581	0.0868743	0.306942
12	113665002	C	A	-0.09655385	0.0862624	0.263012
12	113665191	A	G	0.03372487	0.160202	0.833251
12	113668651	A	G	0.1265534	0.126549	0.317299
12	113669902	A	G	-0.1030354	0.086859	0.235528
12	113671141	G	C	-0.1021833	0.0868768	0.239522
12	113671189	G	A	-0.1032283	0.0868647	0.234686
12	113671494	T	C	-0.1019165	0.0868695	0.24071
12	113671512	T	C	-0.05343559	0.0714643	0.454628
12	113672577	C	T	-0.0581356	0.057327	0.310537
12	113674212	G	C	-0.09525728	0.0862162	0.269216
12	113674461	T	C	-0.06585352	0.0575378	0.252407
12	113675317	A	G	-0.09451949	0.0862005	0.272856
12	113675504	G	A	-0.06555771	0.12241	0.592261
12	113677451	T	C	-0.09938286	0.0865421	0.250814
12	113678391	A	G	-0.1012158	0.0868385	0.243793
12	113678791	T	A	-0.09910899	0.0865392	0.252107
12	113679095	C	T	-0.09281071	0.0861489	0.281336
12	113680547	G	A	-0.09919732	0.0865441	0.251712
12	113681129	T	C	-0.1009469	0.0868184	0.244935
12	113681288	G	A	-0.0943931	0.0862087	0.273543
12	113681325	A	G	0.1199673	0.11355	0.29072
12	113681599	A	T	-0.09691407	0.0862734	0.261293
12	113682030	C	T	-0.07597433	0.0844181	0.368133
12	113682725	A	G	-0.008279178	0.17813	0.962927
12	113684565	T	C	0.08488328	0.186487	0.648975
12	113685366	A	G	-0.09292922	0.0871951	0.286532
12	113686593	A	T	-0.1032328	0.0867797	0.234205
12	113687789	T	A	-0.1031197	0.0867781	0.234708
12	113687859	G	A	-0.1053405	0.0870573	0.226273
12	113690396	C	T	-0.09812454	0.0864403	0.256303
12	113690508	A	C	-0.08605147	0.120108	0.473714
12	113692191	A	G	-0.03552563	0.1117	0.750452
12	113692594	T	A	-0.1060997	0.0870891	0.223116
12	113694661	T	A	-0.1064444	0.0870757	0.221541
12	113694853	T	A	-0.2026622	0.224031	0.365669
12	113695521	C	T	-0.1110053	0.0870829	0.202415
12	113696069	C	T	-0.1029556	0.0864573	0.233722
12	113696196	G	C	-0.09847759	0.0864519	0.254658
12	113697253	G	A	-0.1067604	0.087178	0.220718
12	113700738	G	A	-0.1028127	0.0868728	0.236616
12	113701637	T	C	-0.1430774	0.177262	0.419581
12	113701828	A	G	-0.02037313	0.155169	0.89554
12	113702206	A	G	-0.09462062	0.0872357	0.278076
12	113702342	C	G	-0.09251339	0.087201	0.288725
12	113702775	T	C	-0.1077534	0.0871662	0.216388
12	113703439	G	C	-0.1090373	0.0871887	0.211086
12	113704751	C	T	-0.1081901	0.0871952	0.214689
12	113705353	A	G	-0.1079015	0.0871905	0.215887
12	113705962	G	T	-0.09943146	0.0865549	0.250653
12	113706171	A	G	-0.09299945	0.0872319	0.286372
12	113706909	T	C	-0.1084676	0.0872069	0.213576
12	113707388	A	G	-0.1052794	0.0869156	0.225785
12	113708590	G	A	-0.07176027	0.0572698	0.210198
12	113708827	C	A	-0.1129224	0.0871812	0.19523
12	113708828	T	G	-0.1035677	0.0870534	0.234161
12	113708907	A	C	-0.104017	0.0869106	0.231375
12	113710704	C	T	-0.1147298	0.0863986	0.184209
12	113711264	G	A	-0.1152908	0.0866805	0.183497
12	113712543	C	T	-0.005387486	0.12615	0.965937
12	113712550	C	T	0.0300053	0.181122	0.868413
12	113713112	G	A	-0.115348	0.0864741	0.182235
12	113713126	T	G	-0.1179776	0.0865808	0.173
12	113713227	C	T	-0.123529	0.087043	0.155848
12	113713293	C	T	-0.1091298	0.0863317	0.206203
12	113713583	G	T	-0.1088276	0.0863269	0.207435
12	113715372	G	A	-0.1191654	0.0870413	0.170977
12	113715557	C	T	-0.1094667	0.0863938	0.205132
12	113717649	C	A	-0.09383717	0.0874229	0.283106
12	113717901	G	A	-0.09966234	0.0867428	0.250581
12	113718521	G	A	0.1018162	0.112988	0.367514
12	113718583	T	C	-0.1089481	0.0874102	0.212617
12	113719788	C	T	-0.1001574	0.086801	0.248554
12	113720517	A	G	-0.1097836	0.0874894	0.209542
12	113721422	C	T	-0.09743975	0.0867578	0.261386
12	113721873	G	A	-0.1093016	0.087534	0.211782
12	113722772	T	C	-0.1077612	0.0875922	0.218598
12	113724514	T	C	0.1069602	0.151365	0.479773
12	113725608	T	C	-0.122553	0.0880201	0.163821
12	113728622	T	C	-0.06355021	0.154847	0.681507
12	113729500	C	G	-0.08925535	0.0875696	0.308083
12	113731926	T	G	-0.1169125	0.0883394	0.185687
12	113733153	T	C	-0.119144	0.0884016	0.177738
12	113733830	T	C	-0.1150607	0.088309	0.192599
12	113734347	A	G	-0.1176749	0.0883222	0.182748
12	113734464	G	A	-0.1180259	0.0883228	0.181448
12	113736791	T	G	-0.1159553	0.0883325	0.189278
12	113736863	T	G	-0.1277822	0.08802	0.146573
12	113737382	A	G	0.0314696	0.21315	0.882618
12	113737630	A	G	-0.1123023	0.0883309	0.203593
12	113738947	A	C	-0.1156724	0.0883766	0.190585
12	113739292	G	C	-0.1152044	0.0883622	0.192309
12	113752128	T	C	-0.1117229	0.100807	0.26774
12	113756322	C	G	-0.2514543	0.150605	0.0949929
12	113757754	C	T	-0.2529149	0.150525	0.0929132
12	113757830	A	C	-0.2527024	0.150543	0.0932293
12	113759409	G	C	-0.2476988	0.15065	0.100135
12	113760085	T	C	0.05953226	0.119962	0.619687
12	113760164	T	C	-0.06924933	0.149087	0.642296
12	113767553	A	G	0.1798518	0.0955117	0.05969
12	113769926	T	C	-0.2489063	0.150583	0.0983414
12	113777547	G	A	-0.1871986	0.127613	0.142398
12	113778138	A	G	-0.1247903	0.102408	0.223011
12	113785663	T	C	-0.1207291	0.102186	0.237422
12	113790731	C	T	0.02498525	0.0776435	0.747602
12	113790796	A	C	0.02227995	0.0776445	0.774177
12	113791079	T	C	0.02092944	0.0801641	0.794045
12	113792031	A	G	-0.05238968	0.109423	0.632094
12	113792638	C	T	-0.04340763	0.102997	0.673432
12	113793960	C	A	-0.03851424	0.10295	0.708325
12	113795773	G	A	-0.02643844	0.114734	0.817758
12	113796871	G	T	0.01298532	0.0958235	0.892171
12	113798233	T	C	0.007809427	0.100713	0.938212
12	113798405	G	A	0.01399166	0.0957875	0.88389
12	113798712	C	T	0.01447473	0.09577	0.879871
12	113799917	A	G	0.008156644	0.100715	0.93544
12	113800802	C	T	0.008325249	0.100707	0.934134
12	113800828	C	T	0.01406068	0.0958226	0.88331
12	113801090	G	A	0.0081864	0.100708	0.935202
12	113802094	A	G	0.006478966	0.100602	0.948635
12	113802188	A	G	0.008305414	0.100702	0.9343
12	113805613	G	T	0.03533819	0.0995198	0.722541
12	113806093	A	G	0.004937789	0.100725	0.960899
12	113806382	T	C	0.00507709	0.100716	0.959808
12	113807905	T	C	0.004967641	0.100017	0.960352
12	113809229	G	A	0.0161981	0.100273	0.871643
12	113809262	G	A	0.005494875	0.0999863	0.956169
12	113809462	T	C	0.005425257	0.100312	0.956875
12	113810108	G	A	0.006866372	0.0958445	0.94287
12	113810833	C	T	0.005624155	0.10036	0.955298
12	113812883	A	G	0.006021832	0.10048	0.952195
12	113813064	T	C	0.006021832	0.100794	0.952353
12	113814013	G	A	0.09358141	0.0979266	0.339277
12	113814484	T	C	0.00658825	0.100823	0.947928
12	113815188	A	C	0.03541541	0.199893	0.85937
12	113815517	T	G	0.006528642	0.100858	0.948383
12	113818728	A	G	-0.01793487	0.112334	0.873152
12	113818795	C	T	-0.01997518	0.112709	0.859331
12	113819441	A	G	-0.0009924924	0.11893	0.993342
12	113819985	T	A	-0.02616329	0.121763	0.829869
12	113820044	C	T	-0.02703826	0.121843	0.824386
12	113821343	G	C	-0.0008373505	0.11368	0.994124
12	113821651	C	A	-0.01694475	0.117813	0.885635
12	113824576	A	G	-0.008108788	0.12061	0.946399
12	113825269	C	A	-0.005387486	0.120521	0.964345
12	113825392	T	C	-0.005348277	0.12053	0.964609
12	113826003	C	T	-0.007097125	0.116519	0.951432
12	113826535	T	C	-0.007263314	0.12025	0.951835
12	113827306	G	C	-0.005101993	0.120525	0.966232
12	113827615	A	G	-0.007384196	0.120595	0.951176
12	113827794	C	A	-0.008246912	0.120641	0.945497
12	113828092	G	C	-0.008381023	0.120412	0.944512
12	113829605	G	A	-0.005870196	0.120562	0.961168
12	113829927	C	G	-0.005815879	0.120562	0.961527
12	113832378	C	T	-0.00205511	0.114789	0.985718
12	113833257	T	C	-0.009724126	0.119428	0.935107
12	113834864	C	T	0.003454028	0.118873	0.976849
12	113835773	C	G	-0.1022254	0.148751	0.491943
12	113835995	C	T	0.003493889	0.114674	0.975662
12	113837059	A	G	0.07431866	0.204021	0.715642
12	113838111	G	A	-0.007598798	0.119514	0.949307
12	113839499	A	G	0.0005598433	0.11512	0.996097
12	113840223	G	A	0.01002954	0.1146	0.930269
12	113841475	C	T	0.003304534	0.119037	0.977843
12	113841569	C	T	-0.006057309	0.119489	0.959568
12	113841922	C	T	0.01891007	0.114293	0.868593
12	113842318	G	A	-0.00637226	0.119413	0.95744
12	113842582	A	G	-0.006051272	0.119399	0.959578
12	113847470	C	G	-0.07543069	0.151369	0.618255
12	113848275	T	G	-0.006094534	0.119334	0.959268
12	113850069	A	G	0.01766309	0.118076	0.881105
12	113850381	G	A	0.008335166	0.113696	0.941527
12	113850540	A	T	-0.0007252629	0.114897	0.994964
12	113851522	G	C	-0.002806936	0.114781	0.980487
12	113852055	G	A	-0.004758303	0.119313	0.968191
12	113852287	T	C	-0.0007372717	0.114845	0.99488
12	113852609	C	G	-0.003699836	0.118742	0.975144
12	113853054	C	G	-0.005137173	0.118776	0.965502
12	113853229	G	T	0.00913812	0.114251	0.936247
12	113854575	G	C	0.003424131	0.118288	0.976931
12	113854629	C	G	-0.005925521	0.118759	0.960207
12	113855696	C	T	-0.006226344	0.119278	0.958368
12	113856782	G	C	0.009702775	0.114146	0.932244
12	113858243	G	A	0.01055411	0.114017	0.926266
12	113858310	T	C	0.01446488	0.114094	0.899081
12	113858486	G	A	0.004828325	0.114115	0.966245
12	113859060	T	A	0.01098939	0.113945	0.923174
12	113859215	T	C	0.007452164	0.114436	0.948096
12	113859298	T	C	0.002417077	0.118802	0.983801
12	113859711	A	G	0.003563643	0.114374	0.975144
12	113860075	A	G	0.01303468	0.113974	0.908972
12	113860162	G	A	0.01080145	0.113899	0.924472
12	113860421	G	T	0.01338009	0.113943	0.906531
12	113860839	C	G	0.01334062	0.113933	0.906771
12	113861810	T	A	0.01318272	0.113891	0.907823
12	113862574	A	T	0.0110883	0.113987	0.922496
12	113862930	A	G	0.01152335	0.113944	0.919438
12	113863514	T	A	-0.000962463	0.114009	0.993262
12	113863573	G	A	-0.02444024	0.119698	0.838213
12	113863963	G	C	0.02782915	0.105946	0.792827
12	113864616	C	T	0.04997993	0.102105	0.624485
12	113865546	C	A	0.02367746	0.105735	0.822837
12	113866441	G	A	0.04162167	0.102343	0.68427
12	113866813	G	A	0.02364816	0.105742	0.823003
12	113866833	G	A	0.02038089	0.106175	0.847781
12	113867488	G	A	0.01242252	0.106508	0.907121
12	113867701	G	T	0.03893221	0.102817	0.704968
12	113868290	C	T	0.04202447	0.10238	0.681485
12	113868711	C	A	0.01102896	0.106669	0.917647
12	113869361	G	A	-0.0004811157	0.107105	0.996417
12	113869643	G	A	0.02724545	0.103168	0.791724
12	113872686	A	G	0.006826645	0.107562	0.949407
12	113872860	C	T	0.02728437	0.103585	0.792227
12	113873011	A	G	-0.0007332688	0.107935	0.99458
12	113874497	A	T	-0.0471891	0.105869	0.655793
12	113876331	C	G	-0.01989459	0.111416	0.858281
12	113876393	C	T	-0.05155017	0.105691	0.625731
12	113877118	A	G	-0.01153528	0.110651	0.916975
12	113877682	C	T	-0.04816661	0.105626	0.648383
12	113878391	G	T	-0.03788984	0.105182	0.718675
12	113878521	T	C	-0.02858879	0.111538	0.797711
12	113881382	G	C	0.01093994	0.108942	0.919991
12	113881725	G	A	-0.004287177	0.109201	0.968687
12	113881767	T	C	-0.04085637	0.112174	0.715689
12	113882515	T	C	-0.1394598	0.152039	0.359006
12	113883548	G	A	-0.1238719	0.15081	0.411431
12	113883885	A	C	-0.008989283	0.109287	0.934446
12	113885615	T	C	-0.01327877	0.129177	0.918124
12	113886014	C	T	0.05271578	0.130103	0.685339
12	113886115	C	T	0.05499942	0.130163	0.672612
12	113887017	G	A	0.2354831	0.135949	0.0832521
12	113891551	G	A	0.04733196	0.081427	0.561071
12	113893500	C	G	0.0464541	0.0814433	0.5684
12	113894197	T	C	-0.05482162	0.128094	0.668668
12	113894480	C	T	0.0261647	0.0825472	0.751281
12	113896299	C	T	0.05151977	0.0812702	0.526153
12	113899657	A	G	0.0501987	0.0811374	0.536092
12	113901431	T	C	0.06931149	0.161111	0.667063
12	113903111	T	C	0.03500028	0.160651	0.827546
12	113903449	A	G	0.03854741	0.160476	0.810156
12	113903737	T	C	-0.02555271	0.132004	0.846509
12	113904536	G	C	0.04140103	0.160219	0.796098
12	113905453	C	T	-0.05528758	0.109879	0.614849
12	113905548	T	C	0.04095959	0.160207	0.79819
12	113906626	A	G	0.02776107	0.0745244	0.709507
12	113907877	C	T	0.02164407	0.0823429	0.792665
12	113908005	T	C	0.04061397	0.160099	0.799721
12	113908073	G	C	0.03733432	0.160003	0.815495
12	113908191	G	A	0.02498525	0.0823926	0.76169
12	113908409	C	T	0.04028745	0.0742512	0.587452
12	113909057	C	A	0.03050011	0.0745186	0.682288
12	113909077	G	A	0.05132029	0.159527	0.747673
12	113909084	T	C	0.04298286	0.159995	0.788218
12	113909615	T	C	0.03625478	0.0826494	0.66095
12	113910272	C	A	0.03880717	0.0826694	0.638738
12	113911365	T	G	0.08736965	0.074236	0.239215
12	113911366	T	G	0.05440295	0.0747104	0.466466
12	113911532	C	T	0.05719286	0.0747056	0.443921
12	113911839	C	G	0.05741949	0.0747047	0.442118
12	113912260	T	C	0.05563336	0.0747433	0.456656
12	113912496	T	C	0.05696617	0.0747444	0.445994
12	113913009	C	A	0.05600219	0.0747386	0.453682
12	113914339	G	C	0.04446655	0.0829484	0.591931
12	113914443	G	T	0.05342702	0.0747576	0.474826
12	113914550	C	T	0.05339858	0.0747597	0.475099
12	113915511	G	A	0.0423696	0.0830275	0.609831
12	113915717	C	T	0.05319948	0.0747718	0.476806
12	113915777	T	C	0.05318051	0.0747731	0.47696
12	113915845	T	C	0.05088321	0.0828264	0.538994
12	113916342	C	T	0.04043152	0.160342	0.80091
12	113916516	G	A	0.05449765	0.0747776	0.466162
12	113916804	G	A	0.05427983	0.0747853	0.46795
12	113916871	A	G	0.05439348	0.0747835	0.467048
12	113917285	A	G	0.05309517	0.0748174	0.477912
12	113917296	T	C	0.0415929	0.160321	0.79528
12	113917971	A	C	0.05604947	0.0748564	0.454014
12	113917979	C	T	0.05601165	0.0748579	0.454278
12	113918350	T	C	0.0560211	0.0748575	0.454252
12	113918472	A	C	0.04796125	0.160017	0.764402
12	113919973	T	C	0.2546422	0.136247	0.0616234
12	113920423	G	A	-0.0007973178	0.0801987	0.992063
12	113920617	G	C	0.04892349	0.0750816	0.514681
12	113920855	T	C	0.05858961	0.0747441	0.433138
12	113921158	T	C	0.05185214	0.0749876	0.489277
12	113921432	C	T	0.06089753	0.0747148	0.415055
12	113921453	A	G	0.0593815	0.0747759	0.427155
12	113921825	A	G	0.04290622	0.160423	0.789114
12	113921958	T	G	0.05181416	0.0749833	0.489531
12	113922554	C	T	0.0614243	0.0747472	0.411207
12	113922562	T	C	0.03472022	0.0838609	0.678844
12	113922583	A	G	0.05979604	0.0747745	0.423867
12	113923350	C	G	-0.002763816	0.126771	0.982607
12	113923536	G	T	0.05979604	0.0747723	0.423889
12	113923626	G	A	0.06159356	0.0747416	0.409911
12	113923939	A	G	0.0522888	0.0750739	0.486121
12	113924545	T	C	0.04883778	0.0831348	0.556931
12	113925695	A	G	0.04516455	0.0748836	0.546401
12	113928209	C	T	-0.01591294	0.0641525	0.804097
12	113932276	A	G	0.0487235	0.176324	0.782308
12	113932429	T	C	-0.09220411	0.0822761	0.262431
12	113932492	G	A	0.0864804	0.0659361	0.189676
12	113932976	G	C	-0.09248597	0.0822514	0.260832
12	113933390	C	T	-0.05952073	0.0744349	0.423921
12	113933574	C	T	0.0702068	0.167671	0.675411
12	113933855	A	G	-0.08127079	0.0751617	0.279574
12	113934314	T	C	-0.08894707	0.0820206	0.278168
12	113934584	T	A	0.07099886	0.166875	0.670495
12	113934598	T	C	0.001259207	0.126187	0.992048
12	113935612	G	C	-0.07219764	0.0814106	0.375167
12	113935686	A	G	-0.06903716	0.0813228	0.395923
12	113936372	G	A	0.07467138	0.167579	0.655893
12	113936712	C	G	-0.06613019	0.0811901	0.415353
12	113936996	C	A	-0.003717903	0.1275	0.976737
12	113937518	T	G	0.003782836	0.126836	0.976228
12	113938443	G	A	-0.04548075	0.0722418	0.528981
12	113939698	T	C	0.06350987	0.066565	0.340035
12	113939922	A	G	-0.08803699	0.0798115	0.270002
12	113941699	G	A	-0.06373458	0.0726866	0.380573
12	113942321	C	T	-0.06264804	0.0727416	0.389105
12	113942557	T	C	-0.08804245	0.0798149	0.269994
12	113943040	T	C	-0.08786447	0.079812	0.270944
12	113944129	T	C	-0.06085677	0.0729362	0.404067
12	113944788	T	C	0.01086081	0.11784	0.926551
12	113944864	A	G	0.06022925	0.167503	0.719183
12	113945656	A	C	0.01267928	0.129735	0.922127
12	113945662	G	C	0.06676105	0.16935	0.693433
12	113945800	G	C	0.05715508	0.167215	0.732518
12	113945818	G	A	0.009544308	0.0517748	0.853684
12	113946741	A	G	-0.01702918	0.05011	0.733987
12	113947170	T	C	0.129079	0.115313	0.262962
12	113947367	G	A	-0.07405674	0.0793896	0.350908
12	113947377	A	G	0.1275661	0.164275	0.437415
12	113947807	C	G	-0.0228153	0.0522359	0.662272
12	113948160	G	A	-0.01838701	0.0521575	0.724437
12	113950480	A	G	-0.03716411	0.143474	0.795612
12	113950794	G	A	0.00623055	0.125596	0.960413
12	113955988	C	T	-0.008126934	0.0472095	0.863317
12	113962360	A	G	0.009603736	0.0507154	0.849809
12	113976367	A	G	-0.008952958	0.0429946	0.835044
12	113977874	T	C	0.1556096	0.145478	0.284774
12	113988374	G	A	-0.02402326	0.0755629	0.750545
12	113990643	A	C	-0.002280599	0.0864426	0.978956
12	113990757	A	G	0.02649586	0.0853774	0.756325
12	113990820	A	G	0.1857656	0.128475	0.148206
12	113990973	G	A	-0.00515024	0.0864131	0.95247
12	113991313	C	A	-0.002267569	0.0863738	0.979057
12	113992573	A	C	-0.01030896	0.086525	0.905161
12	113992798	G	T	-0.01117521	0.0862644	0.896922
12	113993564	C	T	-0.00396987	0.0861932	0.963268
12	113994259	G	C	-0.009317271	0.0863252	0.914046
12	113994284	G	T	-0.00957873	0.0863113	0.911633
12	113994753	C	T	-0.009088173	0.0863084	0.916141
12	113994784	T	C	-0.006309865	0.0864462	0.941815
12	113994862	T	C	0.0002799608	0.0862923	0.997401
12	113995729	T	C	-0.02549834	0.0432702	0.555677
12	113995785	A	C	-0.03684242	0.0453441	0.416506
12	113996433	G	A	-0.02788315	0.0432241	0.518878
12	113996719	A	G	-0.02429884	0.0432515	0.574242
12	113996951	C	T	-0.02347438	0.0432494	0.587297
12	113997682	G	T	0.01726018	0.0854032	0.839865
12	113997685	C	A	-0.02310794	0.043271	0.593329
12	113998414	T	C	0.01526293	0.0856256	0.858549
12	113999016	T	C	-0.02888416	0.0452731	0.52348
12	113999462	C	G	-0.02977078	0.0450577	0.508788
12	113999971	T	G	-0.02458269	0.0432851	0.570081
